Casos de incidentes registrados:,,,,,,
ID,Descripcion,Canal de Origen,Sector Asignado,Sectores Adicionales,Tiempo de Registro Manual (segundos),TIempo de Registro Automatico (Segundos)
R001,No puede ingresar al sistema principal,Correo,Seguridad Informatica,Soporte Tecnico Software,75,
R002,No se puede acceder al ambiente de prueba del sistema secundario,Telefono,Soporte Tecnico Software,,110,
R003,"No se puede acceder a las planillas de excel en un recurso compartido, se necesita la habilitacion de botones de ordenar y filtros, la planilla esta lenta",Telefono,Soporte Tecnico Software,"Seguridad Informatica, Bases de Datos",220,
R004,"No se puede conectar a las redes en su PC, se desconecta el telefono",Formulario Web,Soporte Tecnico Hardware,Soporte Tecnico Software,100,
R005,No puede abrir archivos excel ni word,Telefono,Soporte Tecnico Software,,50,
R006,Su telefono deriva llamadas a cualquier lado,Correo,Soporte Tecnico Hardware,,60,
R007,No puede atender llamadas externas,Correo,Soporte Tecnico Hardware,,70,
R008,El sistema principal se cierra solo al intentar hacer una consulta de una cuenta,Telefono,Soporte Tecnico Software,Sistemas,105,
R009,No puede acceder al ambiente de consulta del sistema principal,Telefono,Sistemas,"Seguridad Informatica, Soporte Tecnico Software",170,
R010,Hay 2 maquinas que se tildan al entrar al sistema principal,Formulario Web,Soporte Tecnico Software,Soporte Tecnico Hardware,40,
R011,Un usuario confirma que no puede generar el PDF que recibe al hacer el reporte del sistema principal en estados de cuenta,Telefono,Sistemas,Soporte Tecnico Software,200,
R012,No puede acceder al correo,Formulario Web,Seguridad Informatica,,30,
R013,Solicitud de instalacion del navegador Google Chrome,Correo,Soporte Tecnico Software,Seguridad Informatica,60,
R014,No puede recibir respuestas de correo,Telefono,Soporte Tecnico Software,Seguridad Informatica,40,
R015,No le salen correos por flujo del sistema principal y no le llegan las instancias,Correo,Sistemas,Soporte Tecnico Software,50,
R016,El modem que atiende una entidad y da servicio a los clientes no funciona. Tiene 2 leds rojos. Se adjunta una imagen.,Correo,Soporte Tecnico Hardware,Sistemas,100,
R017,Una impresora no tiene toner debe ser redirigida,Telefono,Soporte Tecnico Hardware,,72,
R018,Solicitud de auriculares nuevo,Formulario Web,Soporte Tecnico Hardware,,20,
R019,Un telefono no recibe llamadas externas pero si puede realizarlas,Formulario Web,Soporte Tecnico Hardware,,30,
R020,Un sistema de terceros no levanta,Telefono,Soporte Tecnico Software,"Sistemas, Soporte Tecnico Hardware",190,
R021,La hora de los telefonos fijos esta corrida 8 minutos,Telefono,Soporte Tecnico Hardware,Sitemas,80,
R022,No funciona un sistema de terceros y hay un error de conexion en el web service del sistema principal,Correo,Sistemas,Soporte Tecnico Software,300,
R023,No se escuchan los auriculares,Formulario Web,Soporte Tecnico Hardware,,40,
R024,No puede acceder al sistema secundario,Correo,Soporte Tecnico Software ,Seguridad Informatica,50,
R025,El escaner le tira error 2019,Telefono,Soporte Tecnico Hardware,,40,
R026,El teclado no funciona,Formulario Web,Soporte Tecnico Hardware,,20,
R027,No puede hablar en las reuniones ,Correo,Soporte Tecnico Hardware,,60,
R028,"No puede hacer llamadas al exterior, se le cortan las llamadas",Formulario Web,Soporte Tecnico Hardware,,50,
R029,Se solicita revisar un rack viejo en la cocina de gerencia,Correo,Soporte Tecnico Hardware,,70,
R030,"Se tilda y apaga su maquina sola, necesitando un reseteo manual",Correo,Soporte Tecnico Hardware,Soporte Tecnico Software,80,
R031,"Se le han desaparecido Office, Outlook y Chrome",Telefono,Seguridad Informatica,"Soporte Tecnico Software, Sistemas",40,
R032,"[PERSONA] se reinicia a cada rato, sospecha que son los cables de la computadora.",Telefono,Soporte Tecnico Software,Soporte Tecnico Hardware,90,
R033,"No puede ingresar al sistema principal, le sale un cartel ""Usuario no hablitado para operar desde este puesto de trabajo""",Telefono,Seguridad Informatica,Sistemas,110,
R034,[PERSONA] se apaga sola por problema con termica,Telefono,Soporte Tecnico Hardware,,50,
R035,Cuando trata de traer un documento en formato .jpg del menu de digitalizacion se cierra su sesion,Correo,Soporte Tecnico Software,"Sistemas, Seguridad Informatica",80,
R036,A todo su sector de vuelta no les funciona el telefono,Correo,Soporte Tecnico Hardware,Sistemas,60,
R037,Solicitud de cambio de cable VGA defectuoso,Formulario Web,Soporte Tecnico Hardware,,10,
R038,Reporta error de digitalizacion en el sistema principal,Telefono,Soporte Tecnico Hardware,,85,
R039,Solicitud de revision de lineas telefonicas,Correo,Soporte Tecnico Hardware,Sistemas,20,
R040,No funcionan las lineas telefonicas,Correo,Soporte Tecnico Hardware,Sistemas,25,
R041,Se le han borrado todos los datos del perfil de consulta de SQL,Telefono,Seguridad Informatica,Bases de Datos,90,
R042,No funciona una macro en su computadora,Formulario Web,Bases de Datos,Seguridad Informatica,30,
R043,Reloj de fichadas sucursal x no marca la huella dactilar,Formulario Web,Soporte Tecnico Hardware,,70,
R044,No puede ingresar a una parte del sistema principal,Correo,Seguridad Informatica,Soporte Tecnico Software,40,
R045,Solicita un desbloqueo de usuario de dominio,Telefono,Seguridad Informatica,,30,
R046,Tiene problemas para ingresar al S.O. con la autenticación de doble factor,Telefono,Seguidad Informatica,"Sistemas, Soporte Tecnico Software",70,
R047,"Le sale un error de ""Cuenta suspendida por inactividad / fin de contrato o licencia""",Telefono,Seguridad Informatica,"Sistemas, Soporte Tecnico Software",60,
R048,Solicita un reseteo de contraseña de usuario de dominio porque al reestablecerla la puso mal,Telefono,Seguridad Informatica ,,30,
R049,"Al intentar iniciar sesion en el sistema secundario, le hace un bucle de redireccion infinito al intentar iniciar sesion",Correo,Sistemas,"Soporte Tecnico Software, Seguridad Informatica",80,
R050,Gerencia perdió su llave física de seguridad FIDO,Telefono,Soporte Tecnico Hardware,Seguridad Informatica,220,
R051,"Su clave del sistema secundario almacenada en el gestor de contraseñas se aplica automática y erroneamente en el navegador, causando un bucle infinito de redirección.",Correo,Seguridad Informatica,"Soporte Tecnico Software, Sistemas",90,
R052,Tiene una pérdida total de conexión a la red wifi corporativa,Telefono,Soporte Tecnico Hardware,Sistemas,45,
R053,"Le ocurren desconexiones intermitentes a la red inalámbrica, con señal débil.",Formulario Web,Soporte Tecnico Hardware,Sistemas,50,
R054,"Tiene una conexión actual activa pero ""Sin acceso a internet""",Telefono,Soporte Tecnico Hardware,Sistemas,60,
R055,"Tiene el cable de internet (RJ45) dañado, solicita un reemplazo de 5 metros.",Formulario Web,Soporte Tecnico Hardware,,20,
R056,"Le sale el error ""conflicto de dirección IP (estática o duplicada)""",Telefono,Soporte Tecnico Software,"Sistemas, Seguridad Informatica",50,
R057,"Le sale el error ""fallo en la asignación de dirección IP por parte del servidor DHCP""",Telefono,Soporte Tecnico Software,"Sistemas, Seguridad Informatica",50,
R058,Lentitud extrema en la navegación / descarga de archivos,Correo,Soporte Tecnico Software,Soporte Tecnico Hardware,40,
R059,La red wifi corporativa no le aparece dentro de la lista de conexiones disponibles,Telefono,Soporte Tecnico Software,"Sistemas, Seguridad Informatica, Soporte Tecnico Hardware",120,
R060,Tiene bloqueados algunos sitios web o puertos necesarios por la configuracion del firewall,Correo,Seguridad Informatica,Soporte Tecnico Software,30,
R061,Tiene fallos de roaming wifi al desplazarse entre distintos puntos de acceso,Formulario Web,Sistemas,Soporte Tecnico Software,15,
R062,"Le sale ""error 2024"" al intentar ingresar al sistema principal",Correo,Soporte Tecnico Software,Sistemas,70,
R063,Se le cierra inesperadamente el sistema principal al intentar realizar la operación NQ14,Formulario Web,Soporte Tecnico Software,Sistemas,40,
R064,"Al intentar ingresar al sistema principal, le sale el error ""Licencia expirada / no valida""",Formulario Web,Soporte Tecnico Software,Sistemas,30,
R065,No puede ingresar a las aplicaciones (sistemas) principales. Solicita una reinstalación.,Correo,Soporte Tecnico Software,Sistemas,50,
R066,Desde la ultima actualizacion a su sistema operativo perdió acceso a algunas aplicaciones. Solicita rehabilitación,Correo,Soporte Tecnico Software,"Sistemas, Seguridad Informatica",80,
R067,"Le sale un cartel ""Falta el dll axm010[TELEFONO]"" al intentar iniciar el sistema principal",Formulario Web,Soporte Tecnico Software,,20,
R068,Reporta lentitud en el sistema principal a la hora de realizar consultas al estado de las adquisiciones más recientes,Telefono,Sistemas,Soporte Tecnico Software,50,
R069,"Al intentar iniciar sesión en el sistema principal, le sale un error ""Es necesario Visual C++ 2015-2022 (x86 y x64) Redistributables""",Correo,Soporte Tecnico Software, Sistemas,30,
R070,Tocó algo y accidentalmente ahora tiene [PERSONA] en ruso,Telefono,Soporte Tecnico Software,,40,
R071,No puede actualizar Firefox a la última versión,Formulario Web,Soporte Tecnico Software,,15,
R072,Dentro del sistema principal no puede registrar insumos porque su nombre de usuario se muestra roto,Formulario Web,Soporte Tecnico Software,Sistemas,20,
R073,Crashea su instancia del sistema secundario al intentar exportar los datos del cliente al formato de excel,Telefono,Soporte Tecnico Software,Sistemas,60,
R074,Se le está llenando el disco de su PC al gerente de sucursal [PERSONA]. Solicita un backup y limpieza,Formulario Web,Soporte Tecnico Software,,30,
R075,"Puede recibir correos, pero no enviarlos",Telefono,Soporte Tecnico Software,Seguridad Informática,80,
R076,"Puede enviar correos, pero no recibirlos",Telefono,Soporte Tecnico Software,Seguridad Informatica,70,
R077,"Recibe varios correos directamente a la carpeta de spam, en vez de al buzón de entrada",Formulario Web,Soporte Tecnico Software,,30,
R078,"Recibe los archivos por correo, de manera corrupta.",Formulario Web,Soporte Tecnico Software,,20,
R079,No puede acceder a su correo electrónico empresarial desde un dispositivo personal.,Correo,Soporte Tecnico Software,Seguridad Informatica,55,
R080,No puede enviar archivos por correo que pesen menos de 1kb,Telefono,Soporte Tecnico Software,,100,
R081,No puede proporcionar los permisos de cámara y sonido para una reunión,Telefono,Soporte Tecnico Software,Seguridad Informatica,70,
R082,Se le ha roto el formato de su firma electronica ,Formulario Web,Soporte Tecnico Software,,30,
R083,No puede enviar ni recibir comprimidos cifrados por adjunto en el correo,Correo,Soporte Tecnico Software,,60,
R084,No enciende la computadora,Telefono,Soporte Tecnico Hardware,Sistemas,95,
R085,No le enciende la webcam,Telefono,Soporte Tecnico Hardware,,110,
R086,La batería de su laptop no carga o se descarga rápidamente estando enchufada.,Telefono,Soporte Tecnico Hardware,,200,
R087,La computadora hace un ruido fuerte al encender,Telefono,Soporte Tecnico Hardware,,180,
R088,La computadora le tira un pantallazo azul al hacer tareas pesadas,Correo,Soporte Tecnico Hardware,,50,
R089,"Antes de encender, el monitor parpadea un par de veces una luz ténue y luego se apaga",Telefono,Soporte Tecnico Hardware,,70,
R090,A cada rato la computadora hace ruido y se apaga,Telefono,Soporte Tecnico Hardware,,40,
R091,"El monitor le dice ""no signal"", el cable está bien enchufado",Telefono,Soporte Tecnico Hardware,,40,
R092,No le funciona el ratón,Correo,Soporte Tecnico Hardware,,40,
R093,No le funciona el teclado,Correo,Soporte Tecnico Hardware,,40,
R094,Los programas se tardan un montón en cargar. La luz de la PC está prendida permanente,Formulario Web,Soporte Tecnico Hardware,,20,
R095,No se puede seleccionar la cámara web de la laptop para una videollamada,Telefono,Soporte Tecnico Hardware,,50,
R096,La docking station no reconoce a todos los monitores conectados.,Formulario Web,Soporte Tecnico Hardware,,25,
R097,No le sale sonido desde los auriculares,Formulario Web,Soporte Tecnico Hardware,,20,
R098,No funciona la radio de la oficina,Formulario Web,Soporte Tecnico Hardware,,20,
R099,"Un puerto USB de la PC no reconoce ni teclado, ni ratón, ni pendrive",Formulario Web,Soporte Tecnico Hardware,,15,
R100,"Se le cayó un monitor, la pantalla ahora está partida y no se ve nada",Formulario Web,Soporte Tecnico Hardware,,30,
R101,"Un trafo de monitor tira olor a quemado, no prende el monitor.",Correo,Soporte Tecnico Hardware,,20,
R102,"Se le cayó una pc y ahor está abollada la carcaza, al parecer los programas ahora se tardan más en cargar",Telefono,Soporte Tecnico Hardware,,80,
R103,El reloj de entrada de la sucursal de Maipú no toma las huellas dactilares,Telefono,Soporte Tecnico Hardware,,70,
R104,"La impresora se muestra en estado ""offline""",Telefono,Soporte Tecnico Hardware,,60,
R105,"Se atascaron unos papeles en la impresora y tratando de sacarlos, se arrancaron unos piñones de la impresora",Telefono,Soporte Tecnico Hardware,,110,
R106,Se le está acabando el toner,Telefono,Soporte Tecnico Hardware,,45,
R107,Necesita un cambio de tambor de imagen,Formulario Web,Soporte Tecnico Hardware,,20,
R108,Necesita un reemplazo de fusor,Formulario Web,Soporte Tecnico Hardware,,20,
R109,Necesita un cambio de unidad de tinta,Formulario Web,Soporte Tecnico Hardware,,25,
R110,Se ve el texto borroso al imprimir,Correo,Soporte Tecnico Hardware,,20,
R111,El papel sale como desgastado al imprimir,Telefono,Soporte Tecnico Hardware,,40,
R112,Los drivers de la impresora están desactualizados y no permiten usar una funcionalidad específica de un driver posterior,Correo,Soporte Tecnico Hardware,Seguridad Informatica,40,
R113,"Está desalineada la configuración estándar de la impresora, imprime chueco",Telefono,Soporte Tecnico Hardware,,80,
R114,"La dirección IP por defecto de la impresora se ha perdido, está ""huérfana""",Correo,Soporte Tecnico Hardware,,60,
R115,La computadora enciende extremadamente lenta,Telefono,Soporte Tecnico Hardware,"Seguridad Informatica, Soporte Tecnico Software",115,
R116,"Algunos procesos están consumiendo más recursos que de lo usual, reduciendo la eficiencia del equipo.",Telefono,Seguridad Informatica,Soporte Tecnico Software,120,
R117,"Falta espacio en el disco de su máquina, solicita una limpieza",Telefono,Soporte Tecnico Software,,160,
R118,Hay actualizaciones del S.O. atascadas o que fallan reiteradamente,Correo,Sistemas,"Seguridad Informatica, Soporte Tecnico Software",80,
R119,Hay un perfil de usuario temporal cargado en lugar del perfil de usuario completo.,Telefono,Seguridad Informatica,Sistemas,130,
R120,"El sistema principal se ha congelado completamente, se solicita un reinicio urgente",Telefono,Sistemas,"Seguridad Informatica, Soporte Tecnico Hardware, Soporte Tecnico Software, Bases de Datos",220,
R121,Se han desaparecido sus aplicaciones y se han desvinculado sus accesos directos,Telefono,Seguridad Informatica,"Sistemas, Soporte Tecnico software",140,
R122,Los controladores de su webcam se han vuelto incompatibles tras una actualización del sistema.,Correo,Soporte Tecnico Software,"Seguridad Informatica, Sistemas",80,
R123,"Se han corrompido unos archivos del sistema, impidiendo su funcionamiento básico.",Correo,Seguridad Informatica,Soporte Tecnico Software,50,
R124,Se han desconfigurado el día y la zona horaria de su PC,Correo,Soporte Tecnico Software,Seguridad Informatica,30,
R125,"Le sale un mensaje de ""[PERSONA]"" al intentar abrir archivos o carpetas compartidas",Formulario Web,Seguridad Informatica,,40,
R126,Se emiten alertas de malware desde la pc del usuario por el antivirus corporativo,Telefono,Seguridad Informatica,,95,
R127,El usuario reporta sospechas sobre un correo de phishing,Correo,Seguridad Informatica,,30,
R128,Se ha perdido el acceso a unos archivos en la red tras cambios en Active Directory,Correo,Seguridad Informatica, Sistemas,50,
R129,Se han encontrado unos archivos dudosos con extensiones no especificadas,Formulario Web,Seguridad Informatica,,40,
R130,"Se han restringido unas funciones del sistema, aplicadas por políticas de grupo (GPO)",Correo,Seguridad Informatica,,55,
R131,No puede ejecutar unos ejecutables o scripts debido a las políticas de control de aplicaciones,Correo,Seguridad Informatica,Sistemas,60,
R132,No puede conectar unidades USB por políticas de prevención de pérdida de datos.,Correo,Seguridad Informatica,,40,
R133,No se puede conectar a la VPN corporativa debido a un fallo de autenticación,Telefono,Seguridad Informatica,Sistemas,30,
R134,Le da error de protocolo al intentar econectarse a la VPN corporativa,Telefono,Seguridad Informatica,Sistemas,50,
R135,"Durante la jornada laboral, se le desconecta varias veces la VPN",Telefono,Sistemas,Seguridad Informatica,60,
R136,No se puede conectar por escritorio remoto (RDP) al equipo de la oficina,Telefono,Sistemas,Seguridad Informatica,50,
R137,Siente una lentitud acentuada en el acceso a recursos locales al estar conectado por VPN,Telefono,Sistemas,Seguridad Informatica,80,
R138,Hay un conflicto entre la subred del hogar del usuario y el rango de red de la empresa,Telefono,Sistemas,Seguridad Informatica,90,
R139,Eliminó accidentalmente unos archivos y carpetas importantes,Telefono,Soporte Tecnico Software,Seguridad Informatica,120,
R140,Se tienen unidades de red mapeadas que no se reconectan al iniciar sesión,Correo,Sistemas,Soporte Tecnico Software,30,
R141,Ocurren fallos de sincronización de archivos en la nube,Correo,Sistemas,Seguridad Informatica,70,
R142,El usuario solicita la restauración de su copia de seguridad debido a una corrupción de información,Telefono,Seguridad Informatica,Soporte Tecnico Software,60,
R143,No puede exceder a archivos excel o word,Telefono,Soporte Tecnico Software,"Sistemas, Seguridad Informatica",80,
R144,Le figura un error en la licencia Microsoft Office 365,Correo,Soporte Tecnico Software,"Sistemas, Seguridad Informatica",60,
R145,No se puede conectar a la red corporativa via Ethernet,Correo,Soporte Tecnico Hardware,"Soporte Tecnico Software, Sistemas",50,
R146,Su instancia del sistema principal se tarda un montón al navegar entre las páginas,Correo,Soporte Tecnico Software,Seguridad Informatica,40,
R147,Solicita un cambio de cable HDMI defectuoso,Formulario Web,Soporte Tecnico Hardware,,20,
R148,Tiene bloqueado el puerto del middleware que permite el acceso al sistema secundario,Correo,Seguridad Informatica,"Sistemas, Soporte Tecnico Software",40,
R149,Solicita un cambio de ratón,Formulario Web,Soporte Tecnico Hardware,,20,
R150,Solicita un cambio de ratón,Formulario Web,Soporte Tecnico Hardware,,15,
R151,Solicita un cambio de auriculares,Formulario Web,Soporte Tecnico Hardware,,20,
R152,Solicita un cambio de auriculares,Formulario Web,Soporte Tecnico Hardware,,20,
R153,Solicita un cambio de auriculares,Formulario Web,Soporte Tecnico Hardware,,20,
R154,No le inicia la computadora,Correo,Soporte Tecnico Hardware,,50,
R155,No le funciona la webcam,Telefono,Soporte Tecnico Hardware,,60,
R156,No recibe archivos por correo,Formulario Web,Soprte Tecnico Software,"Seguridad Informatica, Sistemas",30,
R157,No le carga su laptop,Correo,Soporte Tecnico Hardware,,40,
R158,Solicita un cambio de display de nombre en su telefono,Correo,Soporte Tecnico Hardware,Sistemas,50,
R159,"Quiere actualizar sus botones de derivación en su teléfono, porque derivan a teléfonos ahora inexistentes",Telefono,Soporte Tecnico Hardware,,80,
R160,"Las llamadas externas dan estado "" ocupado "" hasta en teléfonos desocupados",Correo,Soporte Tecnico Hardware,Sistemas,90,
R161,Solicita la reinstalación de [PERSONA],Formulario Web,Soporte Tecnico Software,"Sistemas, Seguridad Informatica",30,
R162,No funcionan las salidas ni entradas de audio,Telefono,Soporte Tecnico Hardware,,40,
R163,"El sistema secundario le dice que "" no tiene menu asignado """,Correo,Soporte Tecnico Software,,30,
R164,El sistema secundario le da error cuando vaa a dar de alta una tarjeta,Telefono,Soporte Tecnico Software,,50,
R165,No puede ver los datos del cliente en el sistema principal,Correo,Seguridad Informatica,Soporte Tecnico Software,40,
R166,El sistema principal se queda colgado con una pantalla gris al hacerse un reporte o estado de cuenta.,Correo,Soporte Tecnico Software,,70,
R167,El reloj de entrada de la sucursal de [PERSONA] no toma las huellas dactilares,Correo,Soporte Tecnico Hardware,Sistemas,45,
R168,"No le llegan correos de "" workflow """,Correo,Soporte Tecnico Software,Seguridad Informatica,50,
R169,Tiene problemas al dar de alta una tarjeta,Telefono,Soporte Tecnico Software,,40,
R170,La máquina de fax no funciona ,Formulario Web,Soporte Tecnico Hardware,Sistemas,60,
R171,La conexión entre el sistema principal y su escaner no funciona,Formulario Web,Soporte Tecnico Hardware,,20,
R172,"No le llegan correos de instancias de ventas, solicita ser agregado al correo generico de Neuquen",Telefono,Soporte Tecnico Software,Seguridad Informatica,60,
R173,Solicitud de revisión de 3 monitores en el sector de cobranzas,Telefono,Soporte Tecnico Hardware,Sistemas,70,
R174,El sistema secundario se traba al intentar cargar unas altas de tarjeta,Telefono,Soprte Tecnico Software,Sistemas,90,
R175,No se puede conectar al WIFI corporativo,Formulario Web,Soporte Tecnico Software,Sistemas,20,
R176,No puede acceder al drive proporcionado por marketing,Correo,Seguridad Informatica,Soporte Tecnico Software,50,
R177,Se desconecta el escaner y figura error 2019,Formulario Web,Soporte Tecnico Hardware,,30,
R178,Pierde acceso a internet desde su PC intermitentemente. Sus compañeros tienen.,Formulario Web,Soporte Tecnico Software,Soporte Tecnico Hardware,20,
R179,"Al intentar entrar al sistema web, salir, y volver a intentar entrar, la página no vuelve a cargar.",Correo,Soporte Tecnico Software,,50,
R180,"Le llaman los clientes y el teléfono les responde ""esta línea está fuera de servicio""",Formulario Web,Soporte Tecnico Hardware,,40,
R181,"El usuario informa que al querer abrir archivos excel o pdf, la PC se queda cargando y no respode",Correo,Soporte Tecnico Software,,70,
R182,El usuario no puede imprimir transferencias del sistema principal,Telefono,Soporte Tecnico Hardware,Soporte Tecnico Software,40,
R183,"El usuario no puede acceder al sistema secundario, pero si a los otros",Telefono,Sistemas," Soporte Tecnico Software, Seguridad Informatica",80,
R184,Reportan desde la sucursal Guaymallén que el cartel de cotizaciones no funciona correctamente,Telefono,Soporte Tecnico Hardware,Sistemas,60,
R185,Solicitud de 3 mouses,Correo,Soporte Tecnico Hardware,,20,
R186,Le anda la PC muy lenta,Formulario Web,Soporte Tecnico Software,Soporte Tecnico Hardware,10,
R187,Solicita un ratón nuevo,Formulario Web,Soporte Tecnico Hardware,,10,
R188,Solicita una limpieza de disco duro,Correo,Soporte Tecnico Software,,55,
R189,Solicita que le revisen la PC porque le anda muy lenta,Formulario Web,Soporte Tecnico Software,Soporte Tecnico Hardware,60,
R190,El usuario solicita que se le actualice el índice telefónico,Correo,Soporte Tecnico Software,Sistemas,40,
R191,Le anda lento el gestor de archivos,Correo ,Soporte Tecnico Software,,30,
R192,Le anda muy lenta la PC,Correo,Seguridad informatica,Soporte Tecnico Software,70,
R193,[PERSONA] no le responde,Telefono,Soporte Tecnico Software,Soporte Tecnico Hardware,50,
R194,Al dar de alta una tarjeta de cliente no les entega la edad correcta y no pueden avanzar,Telefono,Soporte Tecnico Software,Sistemas,100,
R195,No se pueden visualizar los correos anteriores a la migración,Correo,Soporte Tecnico Software,Sistemas,60,
R196,Se queda procesando infinitamente la descarga de billeteras,Telefono,Soporte Tecnico Software,,120,
R197,El sistema principal le anda lento,Telefono,Soporte Tecnico Software,Soporte Tecnico Hardware,130,
R198,Solicita un cambio de impresora,Formulario Web,Soporte Tecnico Hardware,,10,
R199,Solicita la reparación de unas tomas de corriente rotas,Formulario Web,Soporte Tecnico Hardware,,30,
R200,"No puede operar con su computadora, al ingresar a su computadora con su cuenta, muestra una pantalla en negro, pero al ingresar otro usuario a la misma computadora, no le hace problemas.",Telefono,Soporte Tecnico Software,Seguridad Informatica,180,
